WOMEN'S  CLUTCH BAGS & WALLETS,200,250,350
WOMEN WATCHES,200,250,350
WIRELESS BLUETOOTH SPEAKERS,200,250,350
WEDGES,200,250,350
WEBCAMS,200,250,350
WASHERS & DRYERS,200,1000,1500
WALLETS,200,250,350
WALL BRACKETS,200,250,350
VACUUMS,200,1000,1500
TROUSERS  & LEGGINGS,200,250,350
TROUSERS,200,250,350
TOWERS,200,250,350
TOWEL MATS & ROBES,200,250,350
TOPS,200,250,350
TIES AND CUFFLINKS,200,250,350
TABLEWARE,200,250,350
TABLETS ACCESSORIES,200,250,350
TABLETS,200,250,350
TABLET PC,200,250,350
TABLE LINEN & ACCESSORIES,200,250,350
T-SHIRTS & POLOS,200,250,350
SYNTHETIC  HAIR,200,250,350
SWEATERS ,200,250,350
CARDIGANS & HOODIES,200,250,350
SWEATERS  AND  CARDIGANS,200,250,350
SUNGLASSES,200,250,350
SUNGLASSES,200,250,350
SUITS AND COATS,200,250,350
SUITS  &  BLAZERS,200,250,350
STORAGE EQUIPMENT,200,250,350
SPORTS WEAR,200,250,350
SPORTS  SHOES,200,250,350
SPEAKER  SYSTEM,200,250,350
SOFTWARE,200,250,350
SOCKS  & UNDERWEAR,200,250,350
SNEAKERS,200,250,350
SMART WATCHES,200,250,350
SMART PHONES,200,250,350
SKIRTS,200,250,350
SKIN CARE,200,250,350
SHORTS,200,250,350
SHORTS,200,250,350
SHIRTS,200,250,350
SHAVING,200,250,350
SHAMPOO  & CONDITIONER,200,250,350
SEMI-HUMAN  HAIR,200,250,350
SELFIE  STICKS,200,250,350
SECONDARY (HIGH) SCHOOL BOOKS,200,250,350
SCREEN PROTECTORS,200,250,350
SCARVES & GLOVES,200,250,350
SCARVES & GLOVES,200,250,350
SCANNERS,200,250,350
SANDALS  &  FLIPFLOPS,200,250,350
PROJECTORS,200,250,350
PRIMARY SCHOOL (BASIC EDUCATION) BOOKS,200,250,350
POWER  BANKS,200,250,350
PILLOWS & PILLOW CASES,200,250,350
OVENS & COOKERS,200,250,350
OUTDOOR GAMES,200,250,350
OTHER SMALL APPLIANCES,200,250,350
OPEN  SHOES,200,250,350
NUTRITION,200,250,350
NUTRITION,200,250,350
NOTEBOOKS,200,250,350
NETWORKING,200,250,350
NAIL  POLISH,200,250,350
NAIL  CARE,200,250,350
NAIL  ACCESSORIES,200,250,350
MUSIC,200,250,350
MULTIMEDIA  SPEAKERS,200,250,350
MOUSE,200,250,350
MOSQUITO NETS,200,250,350
MONITORS,200,250,350
MIXING AND BLENDING,200,250,350
MIRRORS,200,250,350
MICROWAVE OVENS,200,250,350
MEN WATCHES,200,250,350
MEMORY  CARDS,200,250,350
MEMORY  CARDS,200,250,350
MATERNITY  WEAR,200,250,350
MACBOOKS,200,250,350
LOAFERS,200,250,350
LIPS,200,250,350
LINGERIE  ,200,250,350
SLEEPWEAR,200,250,350
SHAPE WEAR & SWIM WEAR,200,250,350
LIGHTING,200,250,350
 OFFICE  JET,200,250,350
LASER  JET,200,250,350
 INK  JET ,200,250,350
KITCHEN TOOLS & ACCESSORIES,200,250,350
KITCHEN STORAGE,200,250,350
KITCHEN & DINING,200,250,350
KEYBOARDS,200,250,350
JUMPSUITS AND SET CLOTHES,200,250,350
JEWELLERY,200,250,350
JEANS,200,250,350
JACKETS,200,250,350
IRONING & LAUNDRY,200,250,350
HUMAN  HAIR,200,250,350
HOME  THEATERS,200,250,350
HEELS,200,250,350
HEADSETS,200,250,350
HEADPHONES  &  SPEAKERS,200,250,350
HEAD  SETS,200,250,350
HANDBAGS,200,250,350
HAIR TOOLS,200,250,350
HAIR  TREATMENT,200,250,350
HAIR  TOOLS,200,250,350
HAIR  PIECES,200,250,350
GROOMING,200,250,350
GEL  NAIL  POLISH,200,250,350
GAMING,200,250,350
FRIDGES & FREEZERS,200,1000,1500
FLASH  DRIVES,200,250,350
FIDGET SPINNERS,200,250,350
FEATURED  PHONES,200,250,350
EXTERNAL  HDD,200,250,350
EARPHONES,200,250,350
EARLY CHILDHOOD BOOKS,200,250,350
DRESSES,200,250,350
DRESS,200,250,350
DIGITAL  SLRS,200,250,350
DATA  CABLES,200,250,350
CURTAINS,200,250,350
COSMETICS BUNDLES,200,250,350
COOLING & HEATING,200,250,350
COOKWARE,200,250,350
COOKTOPS,200,250,350
COOKING KNIVES,200,250,350
COMPACT  CAMERAS,200,250,350
COATS  AND  JACKETS,200,250,350
CHARGERS,200,250,350
CASUAL  SHOES,200,250,350
CASES  & COVERS,200,250,350
CARTRIDGES AND  INK  TONERS,200,250,350
CAPS,200,250,350
CAMERA  GADGETS,200,250,350
CAMCORDERS,200,250,350
BRACELETS,200,250,350
BOOTS,200,250,350
BOOTS,200,250,350
BODY  MIST/SPRAY,200,250,350
BODY  CARE,200,250,350
BLANKETS & DUVETS,200,250,350
BEVERAGE PREPARATION,200,250,350
BELTS,200,250,350
BELOW 32",200,250,450
BEDSHEETS,200,250,350
BEDROOM,200,250,350
BEAUTY TOOLS & ACCESSORIES,200,250,350
BATTERIES,200,250,350
BATH ACCESSORIES,200,250,350
BATH & SHOWER,200,250,350
BALLERINAS  & FLATS,200,250,350
BAKEWARE,200,250,350
BAGS,200,250,350
ANDROID  TV  BOXES,200,250,350
ALL-IN-ONES,200,250,350
ALL-IN-ONE,200,250,350
ACCESSORIES,200,250,350
ACCESSORIES,200,250,350
ABOVE  43",200,250,750
32" - 43",200,250,600